zeri,itatti,score
100009.jpg,1083631,36.0
100009.jpg,1083621,25.0
100065.jpg,1083531,42.0
100066.jpg,1083581,53.0
100066.jpg,1083561,51.0
100066.jpg,1083491,31.0
100111.jpg,1084791,76.0
100133.jpg,1082501,38.0
100133.jpg,1082511,27.0
100142.jpg,1082291,33.0
100142.jpg,1098631,25.0
100169.jpg,1082281,71.0
100174.jpg,1039941,69.0
100174.jpg,1039931,41.0
100175.jpg,1039941,93.0
100175.jpg,1039931,33.0
100193.jpg,1080641,49.0
100195.jpg,1080391,149.0
100195.jpg,1080381,49.0
100300.jpg,1082421,35.0
100307.jpg,1091221,25.0
100369.jpg,1102311,36.0
100371.jpg,1081261,70.0
100371.jpg,1081251,58.0
100372.jpg,1081251,61.0
100372.jpg,1081261,47.0
100429.jpg,1090001,42.0
135647.jpg,1076791,34.0
135874.jpg,1084761,45.0
145636.jpg,1011961,27.0
145642.jpg,1011961,25.0
145645.jpg,1044181,39.0
145661.jpg,1035971,72.0
145661.jpg,1035941,57.0
145661.jpg,1035951,50.0
145661.jpg,1035961,41.0
168431.jpg,1092971,33.0
168665.jpg,1039611,25.0
194393.jpg,1090771,25.0
194410.jpg,1061131,59.0
194410.jpg,1061121,47.0
238971.jpg,1044061,72.0
238971.jpg,1044071,60.0
238971.jpg,1002361,31.0
238972.jpg,1044071,61.0
238972.jpg,1002361,39.0
238984.jpg,1044231,68.0
238984.jpg,1016101,32.0
238988.jpg,1044611,26.0
238989.jpg,1044611,26.0
238990.jpg,1044621,27.0
238993.jpg,1044341,34.0
238996.jpg,1044381,25.0
259719.jpg,1078691,44.0
259996.jpg,1078791,133.0
259996.jpg,1078771,36.0
259996.jpg,1078781,26.0
260004.jpg,1089861,37.0
36335.jpg,1033231,62.0
64917.jpg,1064371,27.0
71585.jpg,1038221,176.0
71585.jpg,1038241,66.0
71585.jpg,1038231,46.0
71586.jpg,1038221,197.0
71586.jpg,1038241,53.0
71586.jpg,1038231,49.0
71587.jpg,1038271,72.0
71587.jpg,1038281,52.0
71588.jpg,1038291,75.0
71588.jpg,1038311,74.0
71588.jpg,1038301,70.0
71599.jpg,1027061,44.0
71661.jpg,1046741,65.0
72388.jpg,1025981,25.0
73200.jpg,1045501,29.0
73206.jpg,1046171,36.0
73207.jpg,1046171,48.0
73208.jpg,1046171,43.0
73640.jpg,1081051,42.0
73640.jpg,1081041,38.0
73661.jpg,1012011,102.0
73661.jpg,1012021,86.0
73662.jpg,1012021,107.0
73662.jpg,1012011,98.0
73948.jpg,1090321,26.0
73958.jpg,1080141,37.0
73958.jpg,1080131,28.0
73962.jpg,1011961,25.0
73966.jpg,1011961,31.0
73986.jpg,1017001,59.0
73986.jpg,1078671,46.0
73989.jpg,1002581,59.0
73990.jpg,1002581,40.0
74036.jpg,1046451,90.0
74037.jpg,1046451,113.0
74088.jpg,1046471,140.0
74088.jpg,1046521,57.0
74109.jpg,1016751,75.0
74110.jpg,1111031,124.0
74252.jpg,1040721,87.0
74253.jpg,1040721,108.0
74368.jpg,1016041,33.0
74370.jpg,1016041,39.0
74650.jpg,1083821,79.0
74732.jpg,1002511,39.0
74733.jpg,1002511,45.0
74752.jpg,1002681,50.0
74765.jpg,1016941,32.0
74766.jpg,1016941,76.0
74766.jpg,1037811,50.0
74767.jpg,1016941,31.0
74769.jpg,1016161,25.0
74774.jpg,1037781,66.0
74806.jpg,1037831,39.0
75227.jpg,1078451,71.0
75227.jpg,1078461,52.0
75240.jpg,1036141,47.0
75983.jpg,1002411,50.0
75984.jpg,1002411,40.0
75985.jpg,1002411,40.0
76076.jpg,1002411,49.0
76251.jpg,1105741,81.0
76252.jpg,1105741,78.0
76253.jpg,1105741,115.0
76254.jpg,1105811,89.0
76615.jpg,1039651,54.0
76646.jpg,1040571,34.0
76646.jpg,1092181,30.0
76653.jpg,1078701,41.0
76710.jpg,1036471,147.0
76711.jpg,1036471,70.0
76712.jpg,1036471,98.0
76714.jpg,1084861,27.0
76714.jpg,1036471,25.0
76762.jpg,1073821,26.0
76979.jpg,1085321,54.0
76980.jpg,1085321,64.0
76982.jpg,1085391,115.0
87758.jpg,1266611,100.0
87759.jpg,1266611,100.0
77008.jpg,1083471,51.0
77075.jpg,1046711,57.0
77076.jpg,1046711,51.0
77077.jpg,1046711,60.0
77078.jpg,1046711,42.0
77096.jpg,1067491,63.0
77096.jpg,1067641,49.0
77752.jpg,1110101,97.0
77767.jpg,1096121,70.0
77773.jpg,1096161,41.0
77781.jpg,1095041,31.0
77782.jpg,1095041,42.0
77783.jpg,1103001,33.0
77785.jpg,1096011,48.0
77785.jpg,1096001,41.0
77808.jpg,1100551,55.0
77809.jpg,1100541,29.0
77870.jpg,1102331,38.0
77871.jpg,1102331,41.0
77879.jpg,1108631,29.0
77889.jpg,1104751,50.0
77896.jpg,1113191,37.0
77951.jpg,1115691,91.0
77951.jpg,1117021,86.0
78050.jpg,1110941,65.0
78051.jpg,1110911,105.0
78052.jpg,1110901,157.0
78074.jpg,1110951,117.0
78089.jpg,1061391,33.0
78091.jpg,1039341,43.0
78091.jpg,1039291,40.0
78091.jpg,1039281,35.0
78091.jpg,1039301,35.0
78091.jpg,1039311,33.0
78091.jpg,1039331,32.0
78092.jpg,1039341,43.0
78092.jpg,1039291,39.0
78092.jpg,1039301,38.0
78092.jpg,1039281,34.0
78092.jpg,1039311,27.0
78092.jpg,1039331,25.0
78093.jpg,1039331,86.0
78093.jpg,1039301,79.0
78093.jpg,1039281,79.0
78093.jpg,1039341,78.0
78093.jpg,1039311,76.0
78093.jpg,1039291,66.0
78126.jpg,1079771,58.0
78151.jpg,1084681,50.0
78151.jpg,1084661,30.0
78152.jpg,1084661,47.0
78152.jpg,1084681,41.0
78153.jpg,1084681,138.0
78153.jpg,1084661,44.0
78153.jpg,1084671,39.0
78186.jpg,1075981,53.0
78187.jpg,1075981,76.0
78188.jpg,1075981,64.0
78217.jpg,1085231,144.0
78219.jpg,1099131,100.0
78219.jpg,1115561,32.0
78220.jpg,1115561,49.0
78220.jpg,1099131,40.0
78221.jpg,1115561,94.0
78221.jpg,1099131,53.0
78272.jpg,1085251,40.0
78279.jpg,1085181,30.0
78285.jpg,1058081,42.0
78289.jpg,1080331,44.0
78290.jpg,1080331,48.0
78374.jpg,1113151,25.0
78380.jpg,1084591,87.0
78380.jpg,1084581,64.0
78381.jpg,1084561,79.0
78381.jpg,1084571,49.0
78415.jpg,1024161,34.0
78416.jpg,1061051,27.0
78418.jpg,1024161,27.0
78419.jpg,1024161,28.0
78473.jpg,1023491,30.0
78475.jpg,1023491,32.0
78502.jpg,1026351,63.0
78508.jpg,1023631,26.0
78520.jpg,1023901,103.0
78521.jpg,1023901,112.0
78536.jpg,1024161,29.0
78537.jpg,1024281,55.0
78537.jpg,1024161,27.0
78538.jpg,1024281,39.0
78538.jpg,1024161,26.0
78615.jpg,1027161,70.0
78616.jpg,1027161,32.0
79167.jpg,1024171,26.0
79172.jpg,1024171,54.0
79205.jpg,1023851,77.0
79348.jpg,1084451,26.0
79348.jpg,1021051,26.0
79348.jpg,1061251,25.0
79350.jpg,1086851,26.0
79350.jpg,1040721,25.0
79388.jpg,1044191,26.0
79388.jpg,1107081,25.0
79662.jpg,1023691,33.0
79780.jpg,1078091,26.0
79781.jpg,1078091,68.0
79817.jpg,1024121,58.0
80078.jpg,1023861,42.0
80411.jpg,1113271,45.0
80413.jpg,1113271,48.0
80414.jpg,1113271,39.0
80415.jpg,1113271,39.0
80419.jpg,1086621,56.0
80419.jpg,1086631,35.0
80419.jpg,1086641,30.0
80461.jpg,1082781,37.0
80461.jpg,1082741,30.0
80461.jpg,1082721,30.0
80461.jpg,1082761,28.0
80491.jpg,1090281,25.0
80517.jpg,1089601,30.0
80524.jpg,1073541,73.0
80525.jpg,1073541,56.0
80525.jpg,1073551,40.0
80675.jpg,1037461,27.0
80681.jpg,1090691,38.0
81523.jpg,1006841,44.0
81531.jpg,1006801,53.0
81546.jpg,1006641,66.0
81547.jpg,1006641,47.0
81553.jpg,1006751,137.0
81560.jpg,1006671,75.0
81560.jpg,1006701,40.0
81561.jpg,1006671,59.0
81561.jpg,1006701,41.0
81688.jpg,1037701,64.0
81688.jpg,1037691,36.0
81689.jpg,1037701,91.0
81689.jpg,1037691,33.0
81708.jpg,1044441,37.0
81799.jpg,1020941,97.0
81813.jpg,1033621,64.0
81815.jpg,1020871,37.0
81837.jpg,1034741,107.0
81837.jpg,1038551,60.0
81843.jpg,1021011,28.0
81844.jpg,1021011,37.0
81845.jpg,1022741,87.0
81845.jpg,1022671,53.0
81845.jpg,1022731,41.0
81846.jpg,1022741,67.0
81846.jpg,1022671,41.0
81846.jpg,1022731,31.0
81847.jpg,1022741,74.0
81847.jpg,1022731,46.0
81847.jpg,1022671,45.0
81848.jpg,1022741,28.0
81858.jpg,1041021,26.0
81858.jpg,1025981,25.0
81864.jpg,1009851,40.0
81865.jpg,1009851,26.0
81893.jpg,1037651,73.0
81894.jpg,1037651,114.0
81898.jpg,1037481,79.0
81917.jpg,1020911,31.0
81919.jpg,1020911,27.0
81924.jpg,1043031,26.0
81940.jpg,1042891,85.0
81941.jpg,1042891,69.0
81942.jpg,1042891,53.0
81942.jpg,1002211,25.0
81968.jpg,1042901,57.0
81968.jpg,1042911,37.0
81968.jpg,1042921,29.0
81976.jpg,1043131,148.0
81976.jpg,1043121,87.0
81977.jpg,1043131,146.0
81977.jpg,1043121,93.0
81978.jpg,1043131,65.0
81978.jpg,1043121,45.0
81998.jpg,1018841,32.0
82001.jpg,1018761,26.0
82003.jpg,1018761,27.0
82004.jpg,1018761,32.0
82028.jpg,1018961,53.0
82031.jpg,1018961,83.0
82032.jpg,1018961,31.0
82033.jpg,1018961,26.0
82053.jpg,1023051,27.0
82055.jpg,1023051,48.0
82058.jpg,1006961,48.0
82091.jpg,1004631,71.0
82103.jpg,1004641,102.0
82128.jpg,1026131,28.0
82129.jpg,1026131,84.0
82130.jpg,1026131,70.0
82132.jpg,1002351,62.0
82132.jpg,1004621,36.0
82133.jpg,1002351,109.0
82133.jpg,1004621,52.0
82137.jpg,1087441,26.0
82164.jpg,1021181,116.0
82164.jpg,1021171,67.0
82207.jpg,1021141,114.0
82208.jpg,1021141,111.0
82209.jpg,1020971,35.0
82221.jpg,1020791,68.0
82221.jpg,1020811,61.0
82222.jpg,1020791,55.0
82222.jpg,1020811,54.0
82223.jpg,1020791,72.0
82223.jpg,1020811,69.0
82227.jpg,1010021,48.0
82228.jpg,1010021,51.0
82232.jpg,1044631,27.0
82252.jpg,1004631,25.0
82303.jpg,1098601,32.0
82307.jpg,1005381,27.0
82321.jpg,1041161,26.0
82337.jpg,1027451,38.0
82418.jpg,1035921,70.0
82418.jpg,1035931,43.0
82418.jpg,1035911,32.0
82431.jpg,1106831,27.0
82432.jpg,1090311,28.0
82462.jpg,1010071,27.0
82470.jpg,1010081,103.0
82471.jpg,1010081,60.0
82473.jpg,1009881,52.0
82475.jpg,1010081,71.0
82476.jpg,1010081,75.0
82571.jpg,1028241,90.0
82572.jpg,1028241,78.0
82573.jpg,1028241,88.0
82574.jpg,1022571,91.0
82575.jpg,1022571,97.0
82576.jpg,1022571,62.0
82598.jpg,1022571,93.0
82599.jpg,1022501,80.0
82599.jpg,1022491,70.0
82609.jpg,1022571,96.0
82665.jpg,1037341,48.0
82686.jpg,1067681,31.0
82687.jpg,1067681,28.0
82700.jpg,1116431,118.0
82700.jpg,1116481,58.0
82700.jpg,1116421,55.0
82700.jpg,1116491,51.0
82700.jpg,1034991,46.0
82700.jpg,1116501,41.0
82700.jpg,1035001,34.0
82700.jpg,1116411,33.0
82704.jpg,1067681,39.0
82705.jpg,1067681,33.0
82715.jpg,1016671,89.0
82716.jpg,1016671,43.0
82746.jpg,1039231,36.0
82814.jpg,1039201,117.0
82830.jpg,1035791,48.0
82871.jpg,1033711,42.0
82877.jpg,1016351,59.0
82895.jpg,1027201,27.0
82911.jpg,1016171,66.0
82952.jpg,1016411,49.0
82954.jpg,1016421,53.0
82975.jpg,1035801,43.0
83016.jpg,1004911,53.0
83017.jpg,1004911,54.0
83018.jpg,1004911,30.0
83019.jpg,1004911,56.0
83020.jpg,1004911,39.0
83035.jpg,1004941,79.0
83036.jpg,1004941,46.0
83045.jpg,1006811,54.0
83045.jpg,1006631,52.0
83046.jpg,1006631,78.0
83046.jpg,1006811,47.0
83047.jpg,1005201,119.0
83047.jpg,1005121,107.0
83055.jpg,1005401,82.0
83056.jpg,1005401,49.0
83084.jpg,1005291,114.0
83085.jpg,1005291,61.0
83104.jpg,1005451,49.0
83121.jpg,1005221,148.0
83142.jpg,1004901,30.0
83174.jpg,1039701,45.0
83176.jpg,1060981,67.0
83179.jpg,1117021,29.0
83190.jpg,1016641,31.0
83191.jpg,1016641,166.0
83192.jpg,1016641,105.0
83193.jpg,1016641,99.0
83215.jpg,1044581,25.0
83216.jpg,1044601,85.0
83216.jpg,1044581,33.0
83216.jpg,1044591,28.0
83217.jpg,1044601,88.0
83217.jpg,1044581,37.0
83240.jpg,1044231,87.0
83253.jpg,1044271,35.0
83333.jpg,1039251,59.0
83396.jpg,1032471,39.0
83408.jpg,1046161,44.0
83415.jpg,1032481,55.0
83492.jpg,1027541,75.0
83493.jpg,1027541,66.0
83495.jpg,1027541,31.0
83497.jpg,1027541,50.0
83522.jpg,1002641,89.0
83526.jpg,1117551,94.0
83630.jpg,1011911,47.0
83631.jpg,1010961,51.0
83634.jpg,1116911,53.0
83655.jpg,1029651,127.0
83656.jpg,1029651,115.0
83740.jpg,1044521,40.0
83741.jpg,1044521,26.0
83742.jpg,1029691,82.0
83742.jpg,1044511,56.0
83757.jpg,1016741,56.0
83757.jpg,1016901,38.0
83757.jpg,1016891,35.0
83775.jpg,1098651,48.0
83775.jpg,1035921,25.0
83851.jpg,1040501,53.0
83868.jpg,1040561,107.0
83912.jpg,1037781,50.0
83919.jpg,1040511,88.0
83919.jpg,1009761,33.0
83919.jpg,1040531,28.0
83971.jpg,1039201,107.0
83981.jpg,1110961,56.0
84008.jpg,1039261,59.0
84194.jpg,1041131,97.0
84213.jpg,1037461,47.0
84226.jpg,1042881,60.0
84231.jpg,1037731,32.0
84232.jpg,1037731,50.0
84254.jpg,1009971,70.0
84255.jpg,1009971,89.0
84256.jpg,1009971,32.0
84257.jpg,1009971,40.0
84265.jpg,1037571,41.0
84273.jpg,1022551,76.0
84273.jpg,1022541,35.0
84277.jpg,1009931,148.0
84277.jpg,1009941,107.0
84281.jpg,1006781,64.0
84293.jpg,1027291,31.0
84301.jpg,1040711,25.0
84307.jpg,1005091,80.0
84307.jpg,1005101,33.0
84308.jpg,1005101,111.0
84309.jpg,1005101,97.0
84309.jpg,1005091,41.0
84337.jpg,1040991,102.0
84337.jpg,1040981,90.0
84371.jpg,1035291,35.0
84399.jpg,1005211,85.0
84399.jpg,1005311,33.0
84401.jpg,1029701,73.0
84411.jpg,1116691,113.0
84411.jpg,1039471,98.0
84424.jpg,1022721,69.0
84424.jpg,1022521,56.0
84424.jpg,1022531,50.0
84476.jpg,1075981,26.0
84476.jpg,1092181,25.0
84476.jpg,1096091,25.0
84502.jpg,1040571,28.0
84536.jpg,1027531,37.0
84608.jpg,1002501,105.0
84614.jpg,1061051,34.0
84615.jpg,1061051,38.0
84624.jpg,1061281,100.0
84625.jpg,1061281,48.0
84626.jpg,1061281,57.0
84630.jpg,1002671,28.0
84641.jpg,1016911,70.0
84648.jpg,1005381,25.0
84650.jpg,1037251,76.0
84651.jpg,1037251,51.0
84652.jpg,1061071,89.0
84652.jpg,1039541,50.0
84655.jpg,1017011,38.0
84656.jpg,1061341,46.0
84657.jpg,1061341,32.0
84671.jpg,1002611,41.0
84676.jpg,1002671,50.0
84712.jpg,1016841,58.0
84715.jpg,1002501,94.0
84716.jpg,1044631,28.0
84721.jpg,1061131,37.0
84721.jpg,1061121,30.0
84723.jpg,1061071,86.0
84723.jpg,1039541,50.0
84740.jpg,1061341,40.0
84740.jpg,1040721,26.0
84761.jpg,1017051,128.0
84761.jpg,1017061,43.0
84762.jpg,1017051,46.0
84762.jpg,1017061,45.0
84794.jpg,1060901,47.0
84795.jpg,1060901,51.0
84800.jpg,1060951,41.0
84813.jpg,1040901,39.0
84813.jpg,1040891,29.0
84815.jpg,1035811,27.0
84828.jpg,1016981,29.0
84847.jpg,1082871,29.0
84854.jpg,1040041,58.0
84873.jpg,1044111,33.0
84908.jpg,1039651,55.0
84909.jpg,1039651,59.0
84910.jpg,1039651,81.0
84911.jpg,1044151,146.0
84911.jpg,1044141,99.0
84913.jpg,1079151,26.0
84944.jpg,1046101,58.0
84944.jpg,1046091,28.0
84945.jpg,1061001,36.0
84963.jpg,1046141,62.0
84963.jpg,1045551,39.0
84968.jpg,1044161,72.0
84982.jpg,1039971,66.0
84982.jpg,1039981,46.0
84986.jpg,1060961,41.0
84986.jpg,1040451,39.0
84992.jpg,1040021,66.0
84992.jpg,1040011,29.0
84993.jpg,1040011,31.0
84994.jpg,1039781,38.0
84997.jpg,1040051,74.0
84998.jpg,1040051,62.0
85001.jpg,1046111,74.0
85002.jpg,1039751,71.0
85004.jpg,1016951,87.0
85008.jpg,1039951,69.0
85008.jpg,1039961,50.0
85011.jpg,1035851,34.0
85012.jpg,1079271,58.0
85014.jpg,1030751,61.0
85015.jpg,1030751,54.0
85016.jpg,1030751,84.0
85036.jpg,1011731,83.0
85036.jpg,1022461,39.0
85404.jpg,1022911,31.0
85407.jpg,1022911,35.0
85409.jpg,1022911,30.0
85410.jpg,1022911,26.0
85411.jpg,1022911,49.0
85482.jpg,1041231,27.0
85483.jpg,1041231,28.0
85500.jpg,1041121,41.0
85502.jpg,1041171,47.0
85502.jpg,1041231,27.0
85652.jpg,1041381,35.0
85659.jpg,1041271,54.0
85659.jpg,1041261,45.0
85666.jpg,1040631,41.0
85671.jpg,1040781,96.0
85674.jpg,1040781,28.0
85677.jpg,1041261,59.0
85677.jpg,1041271,46.0
85677.jpg,1041251,28.0
85678.jpg,1041261,46.0
85678.jpg,1041171,38.0
85678.jpg,1041271,34.0
85678.jpg,1041231,26.0
85682.jpg,1018831,49.0
85682.jpg,1018811,47.0
85701.jpg,1041021,25.0
85702.jpg,1040951,42.0
85705.jpg,1041011,26.0
85705.jpg,1041021,25.0
85707.jpg,1041431,30.0
85708.jpg,1041431,46.0
85717.jpg,1041121,119.0
85717.jpg,1041111,80.0
85717.jpg,1041061,30.0
85718.jpg,1041111,89.0
85718.jpg,1041121,87.0
85723.jpg,1041111,28.0
85723.jpg,1041121,28.0
85770.jpg,1041501,89.0
85773.jpg,1040711,27.0
85784.jpg,1036231,28.0
85785.jpg,1036231,28.0
85785.jpg,1046101,26.0
85786.jpg,1036231,25.0
85818.jpg,1036181,25.0
85819.jpg,1036181,35.0
85820.jpg,1048621,50.0
85820.jpg,1116621,32.0
85954.jpg,1036131,92.0
85981.jpg,1036051,56.0
85981.jpg,1036081,37.0
85983.jpg,1036081,33.0
85983.jpg,1036051,25.0
85984.jpg,1036081,55.0
85984.jpg,1036061,45.0
85985.jpg,1036061,28.0
85986.jpg,1036081,25.0
86019.jpg,1036261,38.0
86020.jpg,1036261,54.0
86021.jpg,1036261,26.0
86052.jpg,1098601,25.0
86053.jpg,1060781,89.0
86100.jpg,1035991,37.0
86101.jpg,1035991,43.0
86102.jpg,1035991,90.0
86102.jpg,1036001,49.0
86125.jpg,1060721,116.0
86125.jpg,1060731,77.0
86126.jpg,1060721,127.0
86126.jpg,1060731,73.0
86127.jpg,1060721,78.0
86127.jpg,1060731,36.0
86128.jpg,1060721,80.0
86128.jpg,1060731,46.0
86129.jpg,1060721,74.0
86129.jpg,1060731,51.0
86131.jpg,1060721,53.0
86131.jpg,1060731,41.0
86133.jpg,1060721,36.0
86153.jpg,1036191,28.0
86156.jpg,1060871,84.0
86156.jpg,1060861,55.0
86156.jpg,1060851,45.0
86157.jpg,1060851,55.0
86157.jpg,1060871,42.0
86157.jpg,1060861,38.0
86213.jpg,1090321,28.0
86227.jpg,1060921,48.0
86228.jpg,1060921,44.0
86245.jpg,1061111,38.0
86264.jpg,1060811,51.0
86264.jpg,1060791,25.0
86273.jpg,1060821,27.0
86280.jpg,1060801,43.0
86281.jpg,1060801,53.0
86313.jpg,1060701,46.0
86331.jpg,1016501,34.0
86337.jpg,1044491,68.0
86354.jpg,1039891,34.0
86367.jpg,1044191,39.0
86499.jpg,1039891,56.0
86499.jpg,1039901,40.0
86502.jpg,1037651,29.0
86502.jpg,1110371,27.0
86502.jpg,1106831,26.0
86513.jpg,1039631,128.0
86524.jpg,1060891,44.0
86554.jpg,1016711,62.0
86555.jpg,1016711,47.0
86556.jpg,1016711,64.0
86557.jpg,1016711,35.0
86558.jpg,1016711,44.0
86565.jpg,1046071,124.0
86579.jpg,1045851,32.0
86682.jpg,1045901,66.0
86683.jpg,1045901,37.0
86987.jpg,1046721,47.0
87322.jpg,1076431,25.0
87324.jpg,1021051,55.0
87452.jpg,1037571,41.0
87460.jpg,1002301,53.0
87466.jpg,1044631,30.0
87466.jpg,1040721,27.0
87467.jpg,1041391,56.0
87468.jpg,1041391,63.0
87469.jpg,1037641,27.0
87470.jpg,1037641,29.0
87477.jpg,1044631,25.0
87481.jpg,1037541,35.0
87488.jpg,1007541,43.0
87726.jpg,1072681,105.0
87743.jpg,1030521,27.0
88749.jpg,1025981,27.0
88878.jpg,1040651,36.0
88879.jpg,1040651,59.0
88937.jpg,1078521,71.0
89022.jpg,1022711,48.0
89022.jpg,1022631,35.0
89415.jpg,1078241,25.0
89416.jpg,1078241,28.0
89560.jpg,1041401,85.0
89873.jpg,1044141,84.0
89873.jpg,1044151,55.0
89874.jpg,1044151,81.0
89874.jpg,1044141,67.0
89954.jpg,1012681,54.0
90169.jpg,1039261,26.0
90199.jpg,1002461,42.0
90564.jpg,1073271,44.0
90565.jpg,1073271,33.0
90566.jpg,1073271,46.0
90567.jpg,1073271,68.0
90567.jpg,1073281,27.0
90568.jpg,1073271,52.0
90569.jpg,1073271,58.0
90956.jpg,1085351,42.0
90988.jpg,1100471,72.0
90989.jpg,1100481,64.0
91039.jpg,1086371,72.0
91104.jpg,1086371,41.0
91264.jpg,1092201,26.0
91340.jpg,1098111,25.0
91551.jpg,1075981,26.0
91903.jpg,1077881,32.0
91941.jpg,1086541,51.0
91941.jpg,1086501,50.0
91941.jpg,1086511,32.0
91965.jpg,1075561,25.0
91979.jpg,1116931,49.0
92008.jpg,1073781,37.0
92008.jpg,1073791,28.0
92022.jpg,1073841,35.0
92023.jpg,1073841,52.0
92024.jpg,1073841,61.0
92025.jpg,1073841,108.0
92034.jpg,1077921,109.0
92034.jpg,1077931,69.0
92035.jpg,1077921,150.0
92035.jpg,1077931,67.0
92088.jpg,1066491,58.0
92088.jpg,1068141,52.0
92088.jpg,1066591,51.0
92091.jpg,1067461,78.0
92092.jpg,1067461,84.0
92099.jpg,1067281,147.0
92099.jpg,1067311,123.0
92099.jpg,1067291,111.0
92099.jpg,1067301,35.0
92099.jpg,1071681,30.0
92100.jpg,1067301,97.0
92100.jpg,1067281,50.0
92100.jpg,1067311,45.0
92100.jpg,1067291,31.0
92102.jpg,1076791,88.0
92102.jpg,1076801,29.0
92129.jpg,1084451,26.0
92134.jpg,1021131,127.0
92134.jpg,1082841,62.0
92134.jpg,1082811,26.0
92135.jpg,1021131,60.0
92135.jpg,1082841,42.0
92135.jpg,1082811,31.0
92142.jpg,1073151,49.0
92143.jpg,1073151,85.0
92158.jpg,1073611,28.0
92174.jpg,1073571,32.0
92175.jpg,1073571,64.0
92190.jpg,1073331,111.0
92190.jpg,1073341,96.0
92190.jpg,1073321,57.0
92193.jpg,1073411,93.0
92193.jpg,1073451,71.0
92193.jpg,1073421,70.0
92193.jpg,1073431,49.0
92193.jpg,1073401,41.0
92193.jpg,1073441,33.0
92202.jpg,1073061,38.0
92211.jpg,1071151,61.0
92211.jpg,1073061,60.0
92211.jpg,1073101,37.0
92211.jpg,1073091,34.0
92211.jpg,1071171,28.0
92211.jpg,1073111,27.0
92215.jpg,1073501,53.0
92221.jpg,1110571,77.0
92243.jpg,1079171,30.0
92244.jpg,1079171,32.0
92245.jpg,1079171,33.0
92283.jpg,1078691,42.0
92284.jpg,1078691,35.0
92285.jpg,1078691,35.0
92338.jpg,1078411,29.0
92380.jpg,1078651,78.0
92382.jpg,1078691,31.0
92400.jpg,1041381,26.0
92406.jpg,1078561,58.0
92414.jpg,1078391,33.0
92416.jpg,1078401,25.0
92431.jpg,1080601,142.0
92452.jpg,1086611,28.0
92471.jpg,1086251,67.0
92471.jpg,1086241,49.0
92472.jpg,1086301,149.0
92472.jpg,1086331,95.0
92472.jpg,1086311,91.0
92472.jpg,1086321,72.0
92472.jpg,1086291,44.0
92475.jpg,1086321,74.0
92475.jpg,1086291,67.0
92475.jpg,1086301,60.0
92475.jpg,1086311,48.0
92475.jpg,1086331,32.0
92476.jpg,1086291,62.0
92476.jpg,1086321,42.0
92476.jpg,1086331,31.0
92476.jpg,1086301,26.0
92477.jpg,1086291,64.0
92477.jpg,1086331,30.0
92504.jpg,1086501,58.0
92504.jpg,1086541,57.0
92504.jpg,1086511,54.0
92508.jpg,1086721,30.0
92526.jpg,1085931,64.0
92527.jpg,1085941,27.0
92528.jpg,1085941,36.0
92529.jpg,1085931,67.0
92546.jpg,1086081,136.0
92546.jpg,1086091,128.0
92547.jpg,1086071,142.0
92569.jpg,1085641,33.0
92614.jpg,1086031,181.0
92634.jpg,1085491,37.0
92635.jpg,1085641,29.0
92650.jpg,1086151,170.0
92650.jpg,1086131,157.0
92650.jpg,1086141,74.0
92650.jpg,1086121,59.0
92650.jpg,1085671,49.0
92650.jpg,1086111,32.0
92651.jpg,1086151,160.0
92651.jpg,1086131,158.0
92651.jpg,1086141,69.0
92651.jpg,1085671,57.0
92651.jpg,1086121,51.0
92651.jpg,1086111,36.0
92652.jpg,1085671,30.0
92653.jpg,1085861,94.0
92653.jpg,1085671,26.0
92654.jpg,1085671,39.0
92655.jpg,1086131,36.0
92655.jpg,1085671,34.0
92655.jpg,1086151,26.0
92662.jpg,1086721,25.0
92683.jpg,1086831,89.0
92683.jpg,1086841,79.0
92692.jpg,1090281,26.0
92692.jpg,1036131,26.0
92697.jpg,1078071,34.0
92700.jpg,1084451,33.0
92706.jpg,1073191,61.0
92706.jpg,1073201,59.0
92706.jpg,1073211,51.0
92706.jpg,1073181,49.0
92706.jpg,1073171,36.0
92708.jpg,1079951,38.0
92709.jpg,1058031,76.0
92718.jpg,1079681,127.0
92718.jpg,1084241,64.0
92723.jpg,1071511,162.0
92725.jpg,1099621,45.0
92732.jpg,1083231,28.0
92736.jpg,1112901,43.0
92743.jpg,1084801,79.0
92743.jpg,1078611,40.0
92757.jpg,1082291,43.0
92760.jpg,1093741,62.0
92761.jpg,1093741,81.0
92762.jpg,1093681,32.0
92766.jpg,1093701,72.0
92781.jpg,1098331,70.0
92787.jpg,1098261,56.0
92795.jpg,1098311,32.0
92795.jpg,1098711,29.0
92801.jpg,1098331,78.0
92816.jpg,1090281,28.0
92819.jpg,1098631,86.0
92824.jpg,1098451,36.0
92835.jpg,1098351,76.0
92836.jpg,1098751,112.0
92848.jpg,1098321,37.0
92849.jpg,1098321,119.0
92850.jpg,1098321,86.0
92861.jpg,1098551,61.0
92861.jpg,1098541,47.0
92861.jpg,1098561,41.0
92862.jpg,1098561,73.0
92862.jpg,1098541,42.0
92862.jpg,1098551,39.0
92863.jpg,1098571,92.0
92863.jpg,1098561,74.0
92863.jpg,1098551,61.0
92863.jpg,1098541,44.0
92864.jpg,1098571,76.0
92864.jpg,1098551,63.0
92864.jpg,1098561,56.0
92864.jpg,1098541,32.0
92868.jpg,1098731,148.0
92868.jpg,1098741,88.0
92868.jpg,1098721,78.0
92874.jpg,1099031,80.0
92883.jpg,1098931,73.0
92884.jpg,1098931,79.0
92886.jpg,1099061,115.0
92898.jpg,1098941,78.0
92899.jpg,1098801,123.0
92900.jpg,1098801,141.0
92901.jpg,1099031,152.0
92908.jpg,1099051,69.0
92909.jpg,1099051,39.0
92926.jpg,1098841,90.0
92926.jpg,1098831,83.0
92927.jpg,1098931,69.0
92928.jpg,1098941,51.0
92929.jpg,1098941,52.0
92930.jpg,1098941,26.0
92945.jpg,1098971,145.0
92957.jpg,1099081,118.0
92969.jpg,1099101,53.0
92970.jpg,1098891,25.0
92971.jpg,1098911,162.0
92971.jpg,1098921,66.0
92971.jpg,1098891,58.0
92971.jpg,1098901,56.0
92985.jpg,1080251,96.0
92995.jpg,1080201,71.0
93013.jpg,1006901,28.0
93016.jpg,1068911,36.0
93016.jpg,1080611,26.0
93017.jpg,1080611,29.0
93027.jpg,1080311,69.0
93027.jpg,1080321,61.0
93039.jpg,1080251,142.0
93075.jpg,1062161,41.0
93101.jpg,1079561,25.0
93110.jpg,1079661,52.0
93111.jpg,1079661,63.0
93196.jpg,1035791,26.0
93238.jpg,1080051,37.0
93241.jpg,1077861,50.0
93254.jpg,1086871,26.0
93255.jpg,1086871,46.0
93256.jpg,1086871,34.0
93257.jpg,1086871,34.0
93265.jpg,1080111,34.0
93266.jpg,1080111,38.0
93272.jpg,1099281,26.0
93273.jpg,1098681,51.0
93294.jpg,1090911,45.0
93294.jpg,1090901,26.0
93298.jpg,1098601,29.0
93298.jpg,1079891,26.0
93322.jpg,1084351,59.0
93324.jpg,1084481,57.0
93342.jpg,1084291,106.0
93343.jpg,1084281,48.0
93343.jpg,1084271,34.0
93346.jpg,1084111,141.0
93347.jpg,1083931,154.0
93350.jpg,1084291,175.0
93356.jpg,1084251,69.0
93356.jpg,1084261,49.0
93357.jpg,1083991,70.0
93368.jpg,1100621,36.0
93369.jpg,1100761,35.0
93370.jpg,1100591,43.0
93384.jpg,1100901,86.0
93384.jpg,1100891,85.0
93384.jpg,1100881,82.0
93384.jpg,1100911,58.0
93397.jpg,1100721,69.0
93398.jpg,1100721,74.0
93400.jpg,1100721,52.0
93402.jpg,1100721,64.0
93432.jpg,1104021,113.0
93432.jpg,1104031,51.0
93432.jpg,1104011,37.0
93433.jpg,1104021,40.0
93439.jpg,1103951,28.0
93442.jpg,1103951,75.0
93446.jpg,1099951,152.0
93446.jpg,1099941,32.0
93447.jpg,1103821,119.0
93483.jpg,1104161,52.0
93494.jpg,1075911,26.0
93507.jpg,1093131,27.0
93508.jpg,1077371,65.0
93508.jpg,1077381,36.0
93529.jpg,1094371,128.0
93530.jpg,1094371,88.0
93535.jpg,1087711,72.0
93562.jpg,1099931,111.0
93563.jpg,1099931,48.0
93566.jpg,1099821,120.0
93579.jpg,1099671,186.0
93579.jpg,1099681,162.0
93582.jpg,1117001,36.0
93588.jpg,1100171,74.0
93588.jpg,1100181,69.0
93589.jpg,1100171,98.0
93589.jpg,1100181,94.0
93591.jpg,1099931,93.0
93600.jpg,1115001,100.0
93611.jpg,1099481,42.0
93613.jpg,1099481,94.0
93619.jpg,1100141,70.0
93619.jpg,1100041,69.0
93619.jpg,1100051,62.0
93620.jpg,1100141,131.0
93620.jpg,1100041,116.0
93620.jpg,1100051,76.0
93638.jpg,1079541,25.0
93639.jpg,1099251,127.0
93639.jpg,1099261,77.0
93640.jpg,1099251,86.0
93640.jpg,1099261,75.0
93641.jpg,1099251,97.0
93641.jpg,1099261,74.0
93642.jpg,1099261,87.0
93642.jpg,1099251,80.0
93650.jpg,1099251,82.0
93650.jpg,1099261,71.0
93651.jpg,1099251,112.0
93651.jpg,1099261,81.0
93652.jpg,1099251,120.0
93652.jpg,1099261,80.0
93665.jpg,1100131,131.0
93679.jpg,1099161,62.0
93683.jpg,1099211,38.0
93684.jpg,1099211,29.0
93686.jpg,1100361,81.0
93688.jpg,1100391,78.0
93688.jpg,1100401,57.0
93689.jpg,1100391,83.0
93689.jpg,1100401,40.0
93690.jpg,1100391,110.0
93690.jpg,1100401,57.0
93701.jpg,1099331,38.0
93702.jpg,1099371,68.0
93723.jpg,1099991,134.0
93723.jpg,1099981,115.0
93724.jpg,1099991,137.0
93724.jpg,1099981,112.0
93729.jpg,1112961,30.0
93735.jpg,1091981,93.0
93735.jpg,1091131,25.0
93742.jpg,1099961,118.0
93746.jpg,1100121,96.0
93751.jpg,1099771,104.0
93772.jpg,1100011,94.0
93775.jpg,1099961,141.0
93777.jpg,1099961,148.0
93779.jpg,1100021,80.0
93781.jpg,1099961,160.0
93802.jpg,1112791,47.0
93845.jpg,1090871,97.0
93846.jpg,1090871,98.0
93847.jpg,1090871,80.0
93848.jpg,1092201,94.0
93849.jpg,1092201,25.0
93879.jpg,1112971,113.0
93879.jpg,1094491,84.0
93879.jpg,1083341,49.0
93880.jpg,1094491,98.0
93880.jpg,1112971,95.0
93880.jpg,1083341,50.0
93884.jpg,1098981,33.0
93886.jpg,1093511,175.0
93887.jpg,1093511,166.0
93893.jpg,1093531,45.0
93911.jpg,1089101,65.0
93911.jpg,1091591,29.0
93912.jpg,1089101,67.0
93912.jpg,1091591,27.0
93913.jpg,1089101,57.0
93915.jpg,1089101,30.0
93917.jpg,1089101,36.0
93922.jpg,1074331,175.0
93935.jpg,1074281,141.0
93935.jpg,1074271,135.0
93991.jpg,1074321,156.0
93991.jpg,1074301,153.0
93991.jpg,1074311,147.0
93992.jpg,1074301,165.0
93992.jpg,1074321,160.0
93992.jpg,1074311,152.0
93993.jpg,1074311,57.0
93993.jpg,1074321,48.0
93993.jpg,1074301,46.0
94006.jpg,1074011,86.0
94009.jpg,1072431,27.0
94011.jpg,1072431,27.0
94040.jpg,1085281,57.0
94040.jpg,1077331,35.0
94078.jpg,1110511,64.0
94098.jpg,1093801,57.0
94098.jpg,1093791,36.0
94120.jpg,1110921,44.0
94125.jpg,1110311,113.0
94132.jpg,1110331,90.0
94187.jpg,1105941,66.0
94228.jpg,1117021,28.0
94252.jpg,1106361,142.0
94252.jpg,1105881,57.0
94252.jpg,1106351,44.0
94253.jpg,1104711,63.0
94259.jpg,1104381,39.0
94261.jpg,1104541,25.0
94263.jpg,1104811,157.0
94263.jpg,1109781,56.0
94264.jpg,1109781,53.0
94264.jpg,1104811,35.0
94277.jpg,1105131,99.0
94277.jpg,1105141,90.0
94284.jpg,1105241,95.0
94286.jpg,1105441,58.0
94286.jpg,1105431,58.0
94288.jpg,1106161,36.0
94291.jpg,1105971,27.0
94292.jpg,1105691,82.0
94294.jpg,1105731,62.0
94333.jpg,1109061,60.0
94333.jpg,1109161,59.0
94338.jpg,1107601,99.0
94338.jpg,1108511,65.0
94338.jpg,1107611,27.0
94339.jpg,1106641,26.0
94341.jpg,1107601,90.0
94341.jpg,1108511,73.0
94341.jpg,1107611,62.0
94347.jpg,1109811,36.0
94347.jpg,1107961,36.0
94350.jpg,1107771,30.0
94350.jpg,1107781,26.0
94360.jpg,1108421,71.0
94365.jpg,1107891,27.0
94366.jpg,1107871,32.0
94367.jpg,1107661,40.0
94367.jpg,1107651,33.0
94370.jpg,1110371,61.0
94371.jpg,1108921,60.0
94372.jpg,1107601,91.0
94372.jpg,1108511,49.0
94373.jpg,1107581,51.0
94374.jpg,1107581,49.0
94375.jpg,1107581,50.0
94397.jpg,1106631,68.0
94417.jpg,1104621,59.0
94418.jpg,1104661,43.0
94449.jpg,1090431,42.0
94449.jpg,1090421,41.0
94494.jpg,1091301,50.0
94494.jpg,1091311,32.0
94502.jpg,1096041,32.0
94508.jpg,1040981,27.0
94510.jpg,1090981,32.0
94515.jpg,1090841,58.0
94520.jpg,1096191,56.0
94520.jpg,1096201,38.0
94526.jpg,1109141,43.0
94546.jpg,1096111,33.0
94547.jpg,1109111,67.0
94567.jpg,1107571,59.0
94574.jpg,1102311,61.0
94585.jpg,1106841,51.0
94592.jpg,1080041,90.0
94592.jpg,1079911,30.0
94601.jpg,1096341,31.0
94616.jpg,1084471,30.0
94617.jpg,1082281,127.0
94653.jpg,1082841,115.0
94653.jpg,1021131,63.0
94653.jpg,1082821,39.0
94653.jpg,1082811,27.0
94671.jpg,1090421,51.0
94671.jpg,1090431,44.0
94675.jpg,1108471,36.0
94675.jpg,1110031,35.0
94714.jpg,1098601,26.0
94714.jpg,1090051,25.0
94735.jpg,1082281,122.0
94736.jpg,1109971,110.0
94736.jpg,1107331,26.0
94756.jpg,1082881,49.0
94777.jpg,1108661,34.0
94778.jpg,1108661,30.0
94789.jpg,1103771,134.0
94789.jpg,1096401,122.0
94790.jpg,1096401,69.0
94790.jpg,1103771,65.0
94799.jpg,1108601,32.0
94807.jpg,1107431,38.0
94827.jpg,1077111,27.0
94831.jpg,1107451,32.0
94857.jpg,1110971,45.0
94858.jpg,1110971,44.0
94860.jpg,1104071,46.0
94862.jpg,1093091,103.0
94862.jpg,1093101,38.0
94863.jpg,1093101,139.0
94863.jpg,1093091,29.0
94865.jpg,1096951,126.0
94865.jpg,1098131,103.0
94867.jpg,1100381,38.0
94868.jpg,1100381,47.0
94881.jpg,1076361,32.0
94884.jpg,1099721,59.0
94885.jpg,1087971,27.0
94927.jpg,1079631,51.0
94947.jpg,1084761,30.0
94948.jpg,1084761,45.0
94949.jpg,1084761,51.0
94967.jpg,1087671,78.0
94967.jpg,1087571,74.0
94967.jpg,1087561,55.0
94968.jpg,1087571,62.0
94968.jpg,1087561,50.0
94968.jpg,1087671,41.0
94979.jpg,1112791,27.0
94983.jpg,1094551,58.0
94992.jpg,1112751,184.0
94992.jpg,1087581,53.0
94993.jpg,1087581,140.0
94993.jpg,1112751,107.0
95027.jpg,1111251,52.0
95032.jpg,1111251,121.0
95036.jpg,1087651,36.0
95038.jpg,1094211,65.0
95038.jpg,1094201,48.0
95038.jpg,1086101,42.0
95039.jpg,1094211,94.0
95039.jpg,1086101,56.0
95039.jpg,1094201,47.0
95043.jpg,1104161,31.0
95091.jpg,1094901,28.0
95094.jpg,1088681,37.0
95103.jpg,1089131,115.0
95103.jpg,1089141,28.0
95104.jpg,1089131,115.0
95104.jpg,1089141,34.0
95150.jpg,1095511,45.0
95165.jpg,1100701,60.0
95178.jpg,1075711,47.0
95222.jpg,1088051,64.0
95222.jpg,1088041,27.0
95237.jpg,1104751,43.0
95262.jpg,1095511,77.0
95289.jpg,1102211,68.0
95289.jpg,1102191,66.0
95289.jpg,1102201,61.0
95289.jpg,1095561,54.0
95309.jpg,1100111,107.0
95310.jpg,1100111,58.0
95312.jpg,1088351,49.0
95312.jpg,1088341,48.0
95313.jpg,1088341,43.0
95313.jpg,1088351,43.0
95314.jpg,1088341,100.0
95314.jpg,1088351,96.0
95319.jpg,1105181,54.0
95336.jpg,1084801,77.0
95336.jpg,1078611,50.0
95343.jpg,1105251,159.0
95349.jpg,1088481,112.0
95349.jpg,1093621,56.0
95349.jpg,1093631,48.0
95349.jpg,1093641,45.0
95350.jpg,1088481,53.0
95350.jpg,1093641,53.0
95350.jpg,1093621,52.0
95350.jpg,1093631,42.0
95377.jpg,1092291,87.0
95377.jpg,1092301,84.0
95377.jpg,1092281,47.0
95396.jpg,1076821,68.0
95396.jpg,1086421,37.0
95397.jpg,1086381,35.0
95397.jpg,1076811,31.0
95425.jpg,1077541,80.0
95425.jpg,1077521,29.0
95425.jpg,1106531,28.0
95425.jpg,1077531,26.0
95429.jpg,1105851,84.0
95440.jpg,1092971,85.0
95443.jpg,1077361,141.0
95443.jpg,1077401,90.0
95443.jpg,1077391,73.0
95443.jpg,1077381,27.0
95443.jpg,1093771,25.0
95444.jpg,1093101,78.0
95444.jpg,1093091,30.0
95452.jpg,1100381,38.0
95571.jpg,1080981,108.0
95571.jpg,1080951,29.0
95586.jpg,1081161,51.0
95586.jpg,1081181,49.0
95586.jpg,1081171,38.0
95587.jpg,1081161,76.0
95587.jpg,1081181,64.0
95587.jpg,1081171,61.0
95760.jpg,1082541,46.0
95760.jpg,1082551,36.0
95768.jpg,1086681,26.0
95807.jpg,1082681,56.0
95858.jpg,1080921,26.0
95862.jpg,1080921,55.0
95863.jpg,1080921,62.0
95867.jpg,1082461,29.0
95870.jpg,1081211,78.0
95870.jpg,1081231,77.0
95870.jpg,1081221,39.0
95877.jpg,1081161,92.0
95877.jpg,1081171,77.0
95877.jpg,1081181,54.0
95878.jpg,1081161,71.0
95878.jpg,1081181,58.0
95878.jpg,1081171,52.0
95886.jpg,1088301,27.0
95899.jpg,1080741,60.0
95927.jpg,1092181,32.0
95957.jpg,1092161,34.0
95967.jpg,1090761,36.0
95967.jpg,1090741,34.0
95967.jpg,1090771,34.0
95968.jpg,1090741,55.0
95968.jpg,1090771,46.0
95968.jpg,1090761,27.0
95970.jpg,1092231,27.0
95974.jpg,1090771,33.0
95974.jpg,1090741,31.0
95974.jpg,1040721,27.0
95975.jpg,1090741,28.0
95975.jpg,1040721,26.0
95975.jpg,1090771,26.0
95979.jpg,1090871,56.0
95980.jpg,1090871,59.0
96014.jpg,1092891,34.0
96015.jpg,1092891,39.0
96016.jpg,1092891,38.0
96042.jpg,1087551,124.0
96042.jpg,1087511,121.0
96042.jpg,1087501,110.0
96042.jpg,1087541,90.0
96062.jpg,1087121,59.0
96062.jpg,1087131,56.0
96062.jpg,1087061,29.0
96067.jpg,1089091,41.0
96068.jpg,1089091,26.0
96180.jpg,1087911,73.0
96180.jpg,1087901,67.0
96181.jpg,1087911,116.0
96181.jpg,1087901,100.0
96182.jpg,1087911,130.0
96182.jpg,1087901,112.0
96183.jpg,1087911,95.0
96183.jpg,1087901,57.0
96183.jpg,1087941,49.0
96184.jpg,1087911,137.0
96184.jpg,1087901,105.0
96185.jpg,1087911,93.0
96185.jpg,1087941,65.0
96185.jpg,1087901,54.0
96187.jpg,1087911,130.0
96187.jpg,1087901,93.0
96188.jpg,1087911,124.0
96188.jpg,1087901,101.0
96189.jpg,1087911,115.0
96189.jpg,1087901,95.0
96190.jpg,1087911,122.0
96190.jpg,1087901,63.0
96190.jpg,1087941,51.0
96191.jpg,1087941,77.0
96191.jpg,1087911,68.0
96191.jpg,1087901,63.0
96192.jpg,1087941,86.0
96192.jpg,1087911,78.0
96192.jpg,1087901,50.0
96243.jpg,1088861,60.0
96243.jpg,1088871,47.0
96243.jpg,1088891,45.0
96243.jpg,1088901,42.0
96243.jpg,1088881,31.0
96244.jpg,1088881,73.0
96244.jpg,1088871,48.0
96244.jpg,1088911,30.0
96245.jpg,1088881,80.0
96245.jpg,1088861,67.0
96245.jpg,1088871,62.0
96246.jpg,1088861,30.0
96246.jpg,1088871,25.0
96334.jpg,1106831,28.0
96335.jpg,1106831,25.0
96347.jpg,1090041,27.0
96362.jpg,1091871,43.0
96362.jpg,1091901,35.0
96363.jpg,1091901,44.0
96363.jpg,1091871,31.0
96364.jpg,1091901,29.0
96366.jpg,1091871,37.0
96382.jpg,1098601,25.0
96384.jpg,1110371,29.0
96385.jpg,1110371,25.0
96427.jpg,1090321,115.0
96427.jpg,1090331,49.0
96427.jpg,1090311,46.0
96447.jpg,1089751,25.0
96453.jpg,1090161,90.0
96453.jpg,1090151,88.0
96453.jpg,1089871,83.0
96454.jpg,1090151,101.0
96454.jpg,1089871,95.0
96454.jpg,1090161,78.0
96455.jpg,1090161,78.0
96455.jpg,1090151,60.0
96455.jpg,1089871,60.0
96483.jpg,1044631,25.0
96525.jpg,1090701,27.0
96547.jpg,1091691,112.0
96548.jpg,1091691,95.0
96554.jpg,1089221,131.0
96554.jpg,1089241,27.0
96555.jpg,1094481,32.0
96556.jpg,1094481,33.0
96557.jpg,1094481,35.0
96563.jpg,1109141,32.0
96564.jpg,1091721,43.0
96565.jpg,1091721,36.0
96567.jpg,1091721,104.0
96584.jpg,1090281,43.0
96584.jpg,1079301,29.0
96584.jpg,1110371,26.0
96585.jpg,1090281,56.0
96586.jpg,1090281,47.0
96609.jpg,1089091,26.0
96618.jpg,1087161,46.0
96620.jpg,1087441,61.0
96645.jpg,1087481,37.0
96645.jpg,1087471,30.0
96668.jpg,1088451,28.0
96670.jpg,1088451,50.0
96671.jpg,1088451,27.0
96672.jpg,1088451,32.0
96673.jpg,1088451,32.0
96675.jpg,1088451,31.0
96676.jpg,1088451,36.0
96696.jpg,1088441,30.0
96696.jpg,1088421,27.0
96699.jpg,1094531,55.0
96699.jpg,1087321,39.0
96699.jpg,1094541,33.0
96699.jpg,1087311,25.0
96701.jpg,1094291,69.0
96701.jpg,1094271,68.0
96701.jpg,1094261,64.0
96701.jpg,1094281,49.0
96714.jpg,1088111,31.0
96716.jpg,1088111,32.0
96729.jpg,1077751,82.0
96730.jpg,1077751,80.0
96745.jpg,1087981,66.0
96746.jpg,1087981,70.0
96753.jpg,1090251,56.0
96754.jpg,1090041,90.0
96758.jpg,1091531,28.0
96769.jpg,1090041,37.0
96770.jpg,1090041,46.0
96771.jpg,1090041,38.0
96772.jpg,1090041,25.0
96799.jpg,1090321,33.0
96799.jpg,1090311,27.0
96799.jpg,1090331,26.0
96818.jpg,1090251,28.0
96823.jpg,1090041,56.0
96831.jpg,1091971,27.0
96837.jpg,1090771,96.0
96837.jpg,1090761,84.0
96837.jpg,1090741,37.0
96837.jpg,1090781,29.0
96838.jpg,1090771,36.0
96838.jpg,1090761,33.0
96838.jpg,1090741,28.0
96838.jpg,1090791,26.0
96839.jpg,1090761,27.0
96840.jpg,1090761,83.0
96840.jpg,1090771,80.0
96840.jpg,1090741,34.0
96840.jpg,1090781,29.0
96841.jpg,1090761,27.0
96842.jpg,1090761,29.0
96842.jpg,1090771,26.0
96850.jpg,1092181,31.0
96851.jpg,1092181,31.0
96856.jpg,1092341,32.0
96857.jpg,1092341,27.0
96874.jpg,1092241,37.0
96875.jpg,1092241,35.0
96905.jpg,1101671,71.0
96916.jpg,1101101,40.0
96917.jpg,1101101,39.0
96918.jpg,1101101,40.0
96919.jpg,1101101,34.0
96920.jpg,1101101,44.0
96922.jpg,1101101,31.0
96923.jpg,1101101,33.0
96926.jpg,1101101,32.0
96973.jpg,1100151,32.0
96974.jpg,1100151,93.0
96996.jpg,1101681,51.0
96999.jpg,1102081,25.0
97029.jpg,1102261,63.0
97037.jpg,1106761,50.0
97041.jpg,1101851,66.0
97041.jpg,1101841,51.0
97041.jpg,1101861,41.0
97062.jpg,1101861,53.0
97062.jpg,1101851,48.0
97062.jpg,1101841,40.0
97082.jpg,1102081,45.0
97085.jpg,1101791,141.0
97118.jpg,1103521,133.0
97126.jpg,1098101,123.0
97135.jpg,1103051,30.0
97147.jpg,1103061,35.0
97148.jpg,1103061,66.0
97149.jpg,1044101,51.0
97162.jpg,1103371,28.0
97170.jpg,1101301,90.0
97189.jpg,1102701,104.0
97189.jpg,1102711,51.0
97216.jpg,1103341,53.0
97219.jpg,1101831,48.0
97226.jpg,1103341,36.0
97234.jpg,1103351,58.0
97239.jpg,1103251,71.0
97250.jpg,1103501,51.0
97250.jpg,1102101,25.0
97251.jpg,1103501,46.0
97261.jpg,1101121,116.0
97280.jpg,1101971,103.0
97348.jpg,1103411,152.0
97348.jpg,1103391,70.0
97349.jpg,1101801,52.0
97351.jpg,1103321,128.0
97355.jpg,1101331,127.0
97356.jpg,1101311,38.0
97357.jpg,1102761,48.0
97376.jpg,1102001,32.0
97378.jpg,1101131,111.0
97396.jpg,1101321,32.0
97400.jpg,1101101,71.0
97471.jpg,1103371,28.0
97474.jpg,1103231,153.0
97481.jpg,1101161,122.0
97488.jpg,1101321,79.0
97517.jpg,1101251,109.0
97522.jpg,1101441,120.0
97522.jpg,1103571,25.0
97523.jpg,1101811,112.0
97525.jpg,1101421,138.0
97525.jpg,1101411,132.0
97539.jpg,1101821,91.0
97540.jpg,1101151,136.0
97543.jpg,1103321,25.0
97545.jpg,1101241,142.0
97551.jpg,1103201,31.0
97594.jpg,1105921,96.0
97639.jpg,1117421,52.0
97651.jpg,1105501,86.0
97652.jpg,1105501,168.0
97689.jpg,1105841,130.0
97690.jpg,1105841,43.0
97691.jpg,1104861,73.0
97691.jpg,1104891,30.0
97691.jpg,1104871,25.0
97692.jpg,1104861,81.0
97692.jpg,1104891,32.0
97694.jpg,1104861,74.0
97694.jpg,1104891,39.0
97694.jpg,1104871,25.0
97695.jpg,1104861,89.0
97695.jpg,1104891,56.0
97695.jpg,1104871,37.0
97696.jpg,1104861,29.0
97696.jpg,1104901,28.0
97697.jpg,1104891,45.0
97697.jpg,1104861,42.0
97697.jpg,1104871,31.0
97698.jpg,1104891,102.0
97698.jpg,1104871,88.0
97698.jpg,1104861,74.0
97699.jpg,1104921,136.0
97699.jpg,1104911,108.0
97699.jpg,1104861,58.0
97699.jpg,1104891,53.0
97699.jpg,1104871,33.0
97699.jpg,1104901,29.0
97700.jpg,1104901,110.0
97700.jpg,1104881,80.0
97701.jpg,1105841,45.0
97702.jpg,1105841,45.0
97733.jpg,1104801,62.0
97734.jpg,1104801,56.0
97735.jpg,1104801,73.0
97736.jpg,1104801,78.0
97737.jpg,1104801,79.0
97738.jpg,1104801,32.0
97739.jpg,1104801,107.0
97788.jpg,1104611,58.0
97788.jpg,1104601,45.0
97842.jpg,1104501,95.0
97868.jpg,1104481,86.0
97883.jpg,1104591,126.0
97883.jpg,1104571,78.0
97884.jpg,1104591,78.0
97884.jpg,1104571,52.0
97885.jpg,1104571,84.0
97885.jpg,1104591,64.0
97886.jpg,1104571,85.0
97886.jpg,1104591,44.0
97887.jpg,1104571,152.0
97887.jpg,1104591,81.0
97888.jpg,1104571,79.0
97888.jpg,1104591,63.0
97889.jpg,1104481,127.0
97902.jpg,1106451,102.0
97902.jpg,1106461,100.0
97902.jpg,1106471,60.0
97903.jpg,1106471,203.0
97903.jpg,1106451,79.0
97903.jpg,1106461,69.0
97904.jpg,1106451,175.0
97904.jpg,1106461,171.0
97904.jpg,1106471,84.0
97918.jpg,1106321,114.0
97918.jpg,1106311,93.0
97922.jpg,1106441,147.0
97923.jpg,1106441,148.0
97924.jpg,1106441,141.0
97928.jpg,1103891,28.0
97929.jpg,1103891,50.0
97929.jpg,1106371,41.0
97941.jpg,1106491,81.0
97941.jpg,1106481,32.0
97959.jpg,1103891,41.0
97959.jpg,1106371,32.0
97960.jpg,1106331,64.0
98083.jpg,1106301,43.0
98107.jpg,1109191,72.0
98107.jpg,1109201,52.0
98108.jpg,1109191,77.0
98108.jpg,1109201,67.0
98114.jpg,1109191,95.0
98114.jpg,1109201,84.0
98115.jpg,1109191,59.0
98115.jpg,1109201,39.0
98117.jpg,1106661,25.0
98118.jpg,1109171,25.0
98143.jpg,1106691,61.0
98143.jpg,1107631,37.0
98144.jpg,1106691,55.0
98144.jpg,1107631,37.0
98174.jpg,1108901,67.0
98174.jpg,1108881,29.0
98175.jpg,1108901,57.0
98176.jpg,1107761,40.0
98177.jpg,1107751,27.0
98177.jpg,1107211,26.0
98178.jpg,1107211,92.0
98178.jpg,1107751,86.0
98178.jpg,1107221,82.0
98178.jpg,1107231,71.0
98178.jpg,1107201,50.0
98182.jpg,1107581,36.0
98184.jpg,1104221,52.0
98185.jpg,1104221,37.0
98186.jpg,1106831,91.0
98188.jpg,1104641,69.0
98188.jpg,1104651,35.0
98189.jpg,1104641,50.0
98189.jpg,1104651,26.0
98190.jpg,1104641,44.0
98201.jpg,1084921,26.0
98202.jpg,1110371,29.0
98202.jpg,1106681,27.0
98204.jpg,1104221,67.0
98205.jpg,1107991,83.0
98207.jpg,1106711,103.0
98208.jpg,1107051,46.0
98217.jpg,1106641,25.0
98223.jpg,1106681,48.0
98236.jpg,1107281,39.0
98236.jpg,1107301,31.0
98248.jpg,1113631,32.0
98257.jpg,1107041,80.0
98258.jpg,1107041,36.0
98260.jpg,1104331,85.0
98273.jpg,1090281,26.0
98273.jpg,1106661,26.0
98276.jpg,1107751,62.0
98276.jpg,1107211,56.0
98276.jpg,1107231,50.0
98276.jpg,1107221,47.0
98300.jpg,1106071,30.0
98306.jpg,1104491,80.0
98306.jpg,1104391,50.0
98307.jpg,1104391,36.0
98307.jpg,1104491,34.0
98333.jpg,1105871,28.0
98345.jpg,1110801,103.0
98345.jpg,1110781,82.0
98354.jpg,1109061,70.0
98354.jpg,1109161,58.0
98355.jpg,1109061,67.0
98355.jpg,1109161,49.0
98365.jpg,1104461,165.0
98365.jpg,1104471,90.0
98366.jpg,1104461,146.0
98366.jpg,1104471,72.0
98367.jpg,1104461,85.0
98367.jpg,1104471,74.0
98379.jpg,1105631,102.0
98391.jpg,1104371,76.0
98391.jpg,1101721,40.0
98404.jpg,1104511,114.0
98443.jpg,1106521,117.0
98444.jpg,1106521,50.0
98445.jpg,1106521,32.0
98464.jpg,1110071,73.0
98467.jpg,1109051,123.0
98467.jpg,1110061,76.0
98478.jpg,1110391,49.0
98486.jpg,1106831,26.0
98493.jpg,1109931,34.0
98494.jpg,1109931,74.0
98496.jpg,1107081,43.0
98496.jpg,1107071,29.0
98496.jpg,1106831,26.0
98501.jpg,1109871,47.0
98502.jpg,1109871,55.0
98516.jpg,1109881,58.0
98516.jpg,1110051,36.0
98517.jpg,1109881,123.0
98517.jpg,1110051,56.0
98518.jpg,1109881,120.0
98518.jpg,1110051,64.0
98521.jpg,1107301,31.0
98524.jpg,1106851,139.0
98531.jpg,1109961,50.0
98541.jpg,1107181,48.0
98541.jpg,1107191,36.0
98546.jpg,1109851,37.0
98546.jpg,1109861,29.0
98547.jpg,1109851,38.0
98547.jpg,1109861,32.0
98654.jpg,1094821,70.0
98655.jpg,1094831,46.0
98676.jpg,1094971,38.0
98739.jpg,1094851,83.0
98739.jpg,1098001,54.0
98769.jpg,1095791,209.0
98769.jpg,1095801,160.0
98769.jpg,1095811,82.0
98769.jpg,1095781,75.0
98770.jpg,1095781,108.0
98770.jpg,1095791,97.0
98770.jpg,1095801,87.0
98770.jpg,1095811,61.0
98771.jpg,1095791,114.0
98771.jpg,1095801,90.0
98771.jpg,1095781,83.0
98771.jpg,1095811,76.0
98772.jpg,1095951,118.0
98772.jpg,1095941,113.0
98772.jpg,1095931,111.0
98772.jpg,1097971,29.0
98773.jpg,1095941,55.0
98773.jpg,1095951,52.0
98773.jpg,1095931,45.0
98775.jpg,1095951,165.0
98775.jpg,1095941,148.0
98775.jpg,1095931,124.0
98775.jpg,1097971,32.0
98776.jpg,1095941,33.0
98776.jpg,1095951,27.0
98777.jpg,1095931,38.0
98777.jpg,1095941,33.0
98777.jpg,1095951,25.0
98778.jpg,1095951,124.0
98778.jpg,1095941,124.0
98778.jpg,1095931,111.0
98778.jpg,1097971,25.0
98779.jpg,1095931,102.0
98779.jpg,1095941,99.0
98779.jpg,1095951,95.0
98780.jpg,1095951,108.0
98780.jpg,1095931,106.0
98780.jpg,1095941,105.0
98780.jpg,1097961,29.0
98781.jpg,1095951,65.0
98781.jpg,1095931,63.0
98781.jpg,1095941,61.0
98782.jpg,1095951,30.0
98783.jpg,1095931,106.0
98783.jpg,1095951,102.0
98783.jpg,1095941,100.0
98783.jpg,1097971,31.0
98784.jpg,1095931,76.0
98784.jpg,1095941,74.0
98784.jpg,1095951,69.0
98785.jpg,1095931,36.0
98785.jpg,1095941,29.0
98785.jpg,1095951,26.0
98786.jpg,1095941,70.0
98786.jpg,1095951,62.0
98786.jpg,1095931,44.0
98787.jpg,1095931,26.0
98792.jpg,1095321,136.0
98792.jpg,1095311,80.0
98792.jpg,1095331,43.0
98794.jpg,1095311,28.0
98798.jpg,1095841,79.0
98821.jpg,1097951,159.0
98821.jpg,1095421,156.0
98821.jpg,1095431,111.0
98821.jpg,1095441,52.0
98848.jpg,1095451,42.0
98849.jpg,1095451,43.0
98871.jpg,1095761,35.0
98874.jpg,1095611,86.0
98874.jpg,1095591,82.0
98874.jpg,1095601,53.0
98875.jpg,1095611,90.0
98875.jpg,1095591,89.0
98875.jpg,1095601,44.0
98890.jpg,1095581,53.0
98890.jpg,1095571,27.0
98891.jpg,1095581,118.0
98891.jpg,1095571,37.0
98892.jpg,1095661,59.0
98892.jpg,1088211,38.0
98893.jpg,1095661,58.0
98893.jpg,1088211,31.0
98902.jpg,1095711,211.0
98902.jpg,1095721,89.0
98902.jpg,1095731,52.0
98916.jpg,1095981,110.0
98916.jpg,1095971,48.0
98917.jpg,1095981,120.0
98917.jpg,1095991,102.0
98917.jpg,1095971,50.0
98927.jpg,1094841,139.0
98928.jpg,1094871,146.0
98928.jpg,1094651,97.0
98951.jpg,1095131,95.0
98951.jpg,1095141,27.0
98952.jpg,1095131,100.0
98956.jpg,1094861,81.0
98957.jpg,1094871,102.0
98957.jpg,1094651,66.0
98980.jpg,1096811,36.0
98981.jpg,1096821,43.0
98983.jpg,1096801,35.0
98984.jpg,1094681,131.0
98984.jpg,1094691,112.0
98984.jpg,1094661,38.0
99005.jpg,1096861,86.0
99010.jpg,1096851,57.0
99010.jpg,1096841,35.0
99010.jpg,1096601,35.0
99012.jpg,1096971,64.0
99013.jpg,1096971,72.0
99014.jpg,1096971,29.0
99016.jpg,1096971,32.0
99018.jpg,1096881,35.0
99055.jpg,1096411,77.0
99056.jpg,1096411,81.0
99057.jpg,1096411,66.0
99086.jpg,1097891,31.0
99090.jpg,1117211,30.0
99090.jpg,1094641,26.0
99106.jpg,1095451,67.0
99107.jpg,1095451,52.0
99108.jpg,1095451,87.0
99111.jpg,1095481,116.0
99111.jpg,1095471,78.0
99115.jpg,1096461,63.0
99116.jpg,1096421,88.0
99137.jpg,1095721,137.0
99137.jpg,1095711,88.0
99137.jpg,1095731,47.0
99167.jpg,1094771,80.0
99211.jpg,1095871,95.0
99229.jpg,1095861,47.0
99229.jpg,1095851,26.0
99262.jpg,1095441,28.0
99262.jpg,1097951,25.0
99263.jpg,1095421,54.0
99263.jpg,1097951,54.0
99263.jpg,1095431,39.0
99263.jpg,1095441,26.0
99270.jpg,1098171,33.0
99272.jpg,1095091,70.0
99272.jpg,1095101,41.0
99287.jpg,1096891,94.0
99297.jpg,1095711,128.0
99297.jpg,1095721,86.0
99297.jpg,1095731,52.0
99306.jpg,1095811,33.0
99306.jpg,1095801,29.0
99306.jpg,1095791,27.0
99445.jpg,1093571,72.0
99513.jpg,1090311,26.0
99519.jpg,1106641,54.0
99520.jpg,1106811,77.0
99520.jpg,1109921,71.0
99525.jpg,1102911,47.0
99555.jpg,1100941,144.0
99556.jpg,1100941,143.0
99571.jpg,1106151,89.0
99572.jpg,1106151,65.0
99573.jpg,1106151,45.0
99755.jpg,1113051,29.0
99757.jpg,1113051,27.0
99829.jpg,1077721,80.0
99918.jpg,1096341,26.0
99959.jpg,1040121,59.0
99960.jpg,1040121,45.0